Code,Name,Cost,RRP,Pack,QTY
STWU30,Intense Warm Up Cream 30g,$4.95,$9.95,12,
STTD80,40% Deet Tube 80gm,$10.15,$21.95,12,
STPD50,40% Deet Pump 50ml,$9.45,$19.95,12,
STPD120,50% Deet Pump 120ml,$15.50,$29.95,12,
STTP80,25% Picaridin Tube 80gm,$11.95,$24.95,12,
STTP180,25% Picaridin Tube 180gm,$18.95,$38.95,12,
STRP60,25% Picaridin Roll On 60ml,$10.40,$21.95,12,
STPP50,25% Picaridin Pump 50ml,$10.25,$21.95,12,
STPP100,20% Picaridin Pregnancy Pump 100ml,$13.95,$27.95,12,
STSP85,25% Picaridin Windup Stick 85gm,$12.95,$25.95,12,
STPP120,25% Picaridin Pump 120ml,$15.50,$29.95,12,
STPP250,25% Picaridin Pump Refill 250ml,$22.95,$42.95,12,
STPP1L,25% Picaridin Pump Refill 1L,$89.00,$165.00,3,
STPP1LP,20% Pregnancy Pump Refill 1L,$89.00,$165.00,3,
STPE100,40% Citridiol Pump 100ml,$12.95,$24.95,12,
PERM,Permethrin Clothing Treatment Kit,$16.50,$28.95,8,
OASS100,Spray SPF 50 60ml,$10.45,$19.95,12,
OASS240,Spray SPF 50 240ml,$19.95,$36.95,12,
OASC30,Cream SPF 50 30ml,$5.20,$9.95,12,
OASC60,Cream SPF 50 60ml,$10.45,$19.95,12,
OASC1L,Cream SPF 50 1L,$49.95,$89.00,6,
OALNB,Natural Lip SPF 30 (Blister pack),$3.95,$7.95,12,
STAV25,Aloe Vera Gel 25gm,$4.40,$7.95,12,
STAV100,Aloe Vera Gel 100gm,$7.95,$15.95,12,
STHS50,Hand Sanitiser 50ml,$3.95,$7.95,48,
STHS500,Hand Sanitiser Pump 500ml,$13.70,$25.95,6,
STHS1000,Hand Sanitiser Pump 1L,$19.95,$39.95,6,
HCHW,Hand Warmers (1 pair),$2.50,$4.50,40,
HCTW,Toe Warmers (1 pair),$2.75,$4.95,40,
HCBW,Body Warmer,$3.95,$7.50,40,
